{"cameraMode":{"drawMode":0,"name":"Shaded","section":"Shading Mode"},"sceneLighting":false,"audioPlay":false,"sceneViewState":{"showFog":true,"showMaterialUpdate":false,"showSkybox":false,"showFlares":true,"showImageEffects":true,"showParticleSystems":true},"in2DMode":false,"pivot":{"x":-1.8319512605667115,"y":-7.567664623260498,"z":1.4211115837097169},"rotation":{"x":-0.6339863538742065,"y":0.21146245300769807,"z":-0.18616588413715363,"w":-0.7202215790748596},"size":22.0,"orthographic":false}