{"cameraMode":{"drawMode":0,"name":"Shaded","section":"Shading Mode"},"sceneLighting":false,"audioPlay":false,"sceneViewState":{"showFog":true,"showMaterialUpdate":false,"showSkybox":false,"showFlares":true,"showImageEffects":true,"showParticleSystems":true},"in2DMode":false,"pivot":{"x":-1.1487126350402833,"y":3.528775930404663,"z":-3.776820659637451},"rotation":{"x":-0.058678627014160159,"y":-0.05777433514595032,"z":0.003389904275536537,"w":-0.9966166615486145},"size":4.728283882141113,"orthographic":false}