{"cameraMode":{"drawMode":0,"name":"Shaded","section":"Shading Mode"},"sceneLighting":false,"audioPlay":false,"sceneViewState":{"showFog":true,"showMaterialUpdate":false,"showSkybox":false,"showFlares":true,"showImageEffects":true,"showParticleSystems":true},"in2DMode":false,"pivot":{"x":-1.8892658948898316,"y":-0.16754116117954255,"z":-9.94270133972168},"rotation":{"x":0.002204848686233163,"y":0.996954083442688,"z":-0.07222072035074234,"w":0.032598089426755908},"size":13.429520606994629,"orthographic":false}