{"cameraMode":{"drawMode":0,"name":"Shaded","section":"Shading Mode"},"sceneLighting":false,"audioPlay":false,"sceneViewState":{"showFog":true,"showMaterialUpdate":false,"showSkybox":false,"showFlares":true,"showImageEffects":true,"showParticleSystems":true},"in2DMode":false,"pivot":{"x":1.2627707719802857,"y":1.3570013046264649,"z":-0.7276591062545776},"rotation":{"x":-0.02883584424853325,"y":-0.969759464263916,"z":0.14242403209209443,"w":-0.1967478096485138},"size":6.84283447265625,"orthographic":false}