{"cameraMode":{"drawMode":0,"name":"Shaded","section":"Shading Mode"},"sceneLighting":false,"audioPlay":false,"sceneViewState":{"showFog":true,"showMaterialUpdate":false,"showSkybox":false,"showFlares":true,"showImageEffects":true,"showParticleSystems":true},"in2DMode":false,"pivot":{"x":-0.6889628171920776,"y":1.0745347738265992,"z":-1.603232979774475},"rotation":{"x":0.031095348298549653,"y":-0.9406692981719971,"z":0.08942919224500656,"w":0.3262390196323395},"size":6.84283447265625,"orthographic":false}