{"cameraMode":{"drawMode":0,"name":"Shaded","section":"Shading Mode"},"sceneLighting":false,"audioPlay":false,"sceneViewState":{"showFog":true,"showMaterialUpdate":false,"showSkybox":false,"showFlares":true,"showImageEffects":true,"showParticleSystems":true},"in2DMode":false,"pivot":{"x":0.000003814697265625,"y":1.7065906524658204,"z":-0.3556392192840576},"rotation":{"x":0.090641550719738,"y":0.14998430013656617,"z":-0.01383397076278925,"w":0.9845420718193054},"size":14.215706825256348,"orthographic":false}