{"cameraMode":{"drawMode":0,"name":"Shaded","section":"Shading Mode"},"sceneLighting":false,"audioPlay":false,"sceneViewState":{"showFog":true,"showMaterialUpdate":false,"showSkybox":false,"showFlares":true,"showImageEffects":true,"showParticleSystems":true},"in2DMode":false,"pivot":{"x":0.26858821511268618,"y":1.7906997203826905,"z":2.8975040912628176},"rotation":{"x":0.0025567261036485435,"y":-0.9973214268684387,"z":0.06322403997182846,"w":0.03983326256275177},"size":0.11070339381694794,"orthographic":false}