{"cameraMode":{"drawMode":0,"name":"Shaded","section":"Shading Mode"},"sceneLighting":true,"audioPlay":false,"sceneViewState":{"showFog":true,"showMaterialUpdate":false,"showSkybox":true,"showFlares":true,"showImageEffects":true,"showParticleSystems":true},"in2DMode":false,"pivot":{"x":-26.483257293701173,"y":22.985849380493165,"z":-71.08280944824219},"rotation":{"x":-0.009972844272851944,"y":0.9891677498817444,"z":-0.08211970329284668,"w":-0.12199628353118897},"size":50.19075012207031,"orthographic":false}