{"cameraMode":{"drawMode":0,"name":"Shaded","section":"Shading Mode"},"sceneLighting":true,"audioPlay":false,"sceneViewState":{"showFog":true,"showMaterialUpdate":false,"showSkybox":true,"showFlares":true,"showImageEffects":true,"showParticleSystems":true},"in2DMode":false,"pivot":{"x":519.1165161132813,"y":380.9818420410156,"z":-151.42689514160157},"rotation":{"x":-0.1867302507162094,"y":-0.005514814052730799,"z":0.0011788628762587906,"w":-0.9825335741043091},"size":22.0,"orthographic":false}