{"cameraMode":{"drawMode":0,"name":"Shaded","section":"Shading Mode"},"sceneLighting":false,"audioPlay":false,"sceneViewState":{"showFog":true,"showMaterialUpdate":false,"showSkybox":false,"showFlares":true,"showImageEffects":true,"showParticleSystems":true},"in2DMode":false,"pivot":{"x":-2.7417149543762209,"y":1.2484798431396485,"z":-9.131319999694825},"rotation":{"x":-0.0006389701156876981,"y":0.9996094703674316,"z":-0.019801022484898568,"w":-0.024317508563399316},"size":12.921032905578614,"orthographic":false}