{"cameraMode":{"drawMode":0,"name":"Shaded","section":"Shading Mode"},"sceneLighting":false,"audioPlay":false,"sceneViewState":{"showFog":true,"showMaterialUpdate":false,"showSkybox":false,"showFlares":true,"showImageEffects":true,"showParticleSystems":true},"in2DMode":false,"pivot":{"x":18.5096492767334,"y":7.030000686645508,"z":-23.252334594726564},"rotation":{"x":-0.0650935098528862,"y":-0.8973124623298645,"z":0.14141276478767396,"w":-0.4130396842956543},"size":4.041658878326416,"orthographic":false}