{"cameraMode":{"drawMode":0,"name":"Shaded","section":"Shading Mode"},"sceneLighting":false,"audioPlay":false,"sceneViewState":{"showFog":true,"showMaterialUpdate":false,"showSkybox":false,"showFlares":true,"showImageEffects":true,"showParticleSystems":true},"in2DMode":false,"pivot":{"x":1.4064066410064698,"y":1.1609288454055787,"z":-1.106607437133789},"rotation":{"x":-0.02113201655447483,"y":-0.8835883140563965,"z":0.04006320238113403,"w":-0.46607890725135805},"size":4.728283882141113,"orthographic":false}