{"cameraMode":{"drawMode":0,"name":"Shaded","section":"Shading Mode"},"sceneLighting":false,"audioPlay":false,"sceneViewState":{"showFog":true,"showMaterialUpdate":false,"showSkybox":false,"showFlares":true,"showImageEffects":true,"showParticleSystems":true},"in2DMode":false,"pivot":{"x":-0.09425854682922363,"y":0.15532374382019044,"z":-9.09776496887207},"rotation":{"x":-0.0045451028272509579,"y":-0.9954758882522583,"z":0.07361209392547608,"w":-0.061879903078079227},"size":13.99858570098877,"orthographic":false}