{"cameraMode":{"drawMode":0,"name":"Shaded","section":"Shading Mode"},"sceneLighting":false,"audioPlay":false,"sceneViewState":{"showFog":true,"showMaterialUpdate":false,"showSkybox":false,"showFlares":true,"showImageEffects":true,"showParticleSystems":true},"in2DMode":false,"pivot":{"x":157.84715270996095,"y":-362.193359375,"z":330.4337158203125},"rotation":{"x":-0.12893719971179963,"y":0.015460052527487278,"z":-0.0020399338100105526,"w":-0.9915642738342285},"size":2112.0,"orthographic":false}