{"cameraMode":{"drawMode":0,"name":"Shaded","section":"Shading Mode"},"sceneLighting":false,"audioPlay":false,"sceneViewState":{"showFog":true,"showMaterialUpdate":false,"showSkybox":false,"showFlares":true,"showImageEffects":true,"showParticleSystems":true},"in2DMode":false,"pivot":{"x":-0.0000023990869522094728,"y":0.09057647734880448,"z":0.005543366074562073},"rotation":{"x":0.090641550719738,"y":0.14998430013656617,"z":-0.01383397076278925,"w":0.9845420718193054},"size":0.7374465465545654,"orthographic":false}