{"cameraMode":{"drawMode":0,"name":"Shaded","section":"Shading Mode"},"sceneLighting":true,"audioPlay":false,"sceneViewState":{"showFog":true,"showMaterialUpdate":false,"showSkybox":true,"showFlares":true,"showImageEffects":true,"showParticleSystems":true},"in2DMode":false,"pivot":{"x":5.533170700073242,"y":14.5441255569458,"z":-106.57910919189453},"rotation":{"x":0.07066837698221207,"y":-0.2076161801815033,"z":0.015027378685772419,"w":0.975563108921051},"size":10.920249938964844,"orthographic":false}