{"cameraMode":{"drawMode":0,"name":"Shaded","section":"Shading Mode"},"sceneLighting":false,"audioPlay":false,"sceneViewState":{"showFog":true,"showMaterialUpdate":false,"showSkybox":false,"showFlares":true,"showImageEffects":true,"showParticleSystems":true},"in2DMode":false,"pivot":{"x":5.960464477539063e-8,"y":0.9504180550575256,"z":0.008967697620391846},"rotation":{"x":-0.015755821019411088,"y":-0.9747009873390198,"z":0.21112476289272309,"w":-0.072644904255867},"size":4.205255508422852,"orthographic":false}