{"cameraMode":{"drawMode":0,"name":"Shaded","section":"Shading Mode"},"sceneLighting":false,"audioPlay":false,"sceneViewState":{"showFog":true,"showMaterialUpdate":false,"showSkybox":false,"showFlares":true,"showImageEffects":true,"showParticleSystems":true},"in2DMode":false,"pivot":{"x":0.0,"y":2.1256496906280519,"z":-0.48936939239501955},"rotation":{"x":0.090641550719738,"y":0.14998430013656617,"z":-0.01383397076278925,"w":0.9845420718193054},"size":20.951053619384767,"orthographic":false}